{
    "Logistic Regression": {
        "Accuracy": 0.8097560975609757,
        "Precision": 0.7619047619047619,
        "Recall": 0.9142857142857143,
        "F1 Score": 0.8311688311688312,
        "MCC Score": 0.630908308763638,
        "AUC Score": 0.9298095238095239
    },
    "Decision Tree": {
        "Accuracy": 0.9853658536585366,
        "Precision": 1.0,
        "Recall": 0.9714285714285714,
        "F1 Score": 0.9855072463768116,
        "MCC Score": 0.9711511393019859,
        "AUC Score": 0.9857142857142858
    },
    "K-Nearest Neighbors": {
        "Accuracy": 0.8634146341463415,
        "Precision": 0.8737864077669902,
        "Recall": 0.8571428571428571,
        "F1 Score": 0.8653846153846154,
        "MCC Score": 0.7269351910363394,
        "AUC Score": 0.9629047619047618
    },
    "Gaussian Naive Bayes": {
        "Accuracy": 0.8292682926829268,
        "Precision": 0.8070175438596491,
        "Recall": 0.8761904761904762,
        "F1 Score": 0.8401826484018264,
        "MCC Score": 0.6601634114374199,
        "AUC Score": 0.9042857142857142
    },
    "Random Forest": {
        "Accuracy": 1.0,
        "Precision": 1.0,
        "Recall": 1.0,
        "F1 Score": 1.0,
        "MCC Score": 1.0,
        "AUC Score": 1.0
    },
    "XGBoost": {
        "Accuracy": 1.0,
        "Precision": 1.0,
        "Recall": 1.0,
        "F1 Score": 1.0,
        "MCC Score": 1.0,
        "AUC Score": 1.0
    }
}